2493ce42-be7f-11ed-9278-76a9ef438f50,210419,RCNX1371.JPG,2021/05/10,11:47:34,0,,,,
269c810c-be7f-11ed-9278-76a9ef438f50,210419,RCNX1372.JPG,2021/05/10,11:47:35,0,,,,
27cdb4ec-be7f-11ed-9278-76a9ef438f50,210419,RCNX1373.JPG,2021/05/10,11:47:35,1,1,0,1,
28a75102-be7f-11ed-9278-76a9ef438f50,210419,RCNX1374.JPG,2021/05/10,11:47:36,1,0,0,,
299175f2-be7f-11ed-9278-76a9ef438f50,210419,RCNX1375.JPG,2021/05/10,11:47:37,1,0,0,,
2ae677f4-be7f-11ed-9278-76a9ef438f50,210419,RCNX1376.JPG,2021/05/10,11:47:37,1,0,0,,
2c7ef8e8-be7f-11ed-9278-76a9ef438f50,210419,RCNX1377.JPG,2021/05/10,11:47:38,1,0,0,,
2d7973fe-be7f-11ed-9278-76a9ef438f50,210419,RCNX1378.JPG,2021/05/10,11:47:38,1,0,0,,
2eaf4f32-be7f-11ed-9278-76a9ef438f50,210419,RCNX1379.JPG,2021/05/10,11:47:39,1,0,0,,
2fc4bf56-be7f-11ed-9278-76a9ef438f50,210419,RCNX1380.JPG,2021/05/10,11:47:40,1,0,0,,5
30f0585e-be7f-11ed-9278-76a9ef438f50,210520,RCNX0253.JPG,2021/05/31,10:11:19,0,,,,
31d6d6bc-be7f-11ed-9278-76a9ef438f50,210520,RCNX0254.JPG,2021/05/31,10:11:19,0,,,,
334bafea-be7f-11ed-9278-76a9ef438f50,210520,RCNX0255.JPG,2021/05/31,10:11:20,1,1,0,2,
344676be-be7f-11ed-9278-76a9ef438f50,210520,RCNX0256.JPG,2021/05/31,10:11:21,1,0,0,,
3519cb68-be7f-11ed-9278-76a9ef438f50,210520,RCNX0257.JPG,2021/05/31,10:11:21,1,0,0,,
36407410-be7f-11ed-9278-76a9ef438f50,210520,RCNX0258.JPG,2021/05/31,10:11:22,1,0,0,,
376e0c44-be7f-11ed-9278-76a9ef438f50,210520,RCNX0259.JPG,2021/05/31,10:11:22,1,0,0,,
3887c5ac-be7f-11ed-9278-76a9ef438f50,210520,RCNX0260.JPG,2021/05/31,10:11:23,1,0,0,,
3ca6ad88-be7f-11ed-9278-76a9ef438f50,210520,RCNX0261.JPG,2021/05/31,10:11:24,1,0,0,,
3d633c6e-be7f-11ed-9278-76a9ef438f50,210520,RCNX0262.JPG,2021/05/31,10:11:24,0,,,,4
3ea2b4d8-be7f-11ed-9278-76a9ef438f50,210629,RCNX0581.JPG,2021/07/18,03:33:30,1,1,0,3,
408d8dc2-be7f-11ed-9278-76a9ef438f50,210629,RCNX0582.JPG,2021/07/18,03:33:31,1,0,0,,
4179f310-be7f-11ed-9278-76a9ef438f50,210629,RCNX0583.JPG,2021/07/18,03:33:32,0,,,,1
42339810-be7f-11ed-9278-76a9ef438f50,210629,RCNX0584.JPG,2021/07/18,03:33:34,0,,,,
